{"cameraMode":{"drawMode":0,"name":"Shaded","section":"Shading Mode"},"sceneLighting":false,"audioPlay":false,"sceneViewState":{"m_AlwaysRefresh":false,"showFog":true,"showSkybox":false,"showFlares":true,"showImageEffects":true,"showParticleSystems":true,"showVisualEffectGraphs":true,"m_FxEnabled":true},"in2DMode":false,"pivot":{"x":83.40642547607422,"y":-1.1863651275634766,"z":91.92445373535156},"rotation":{"x":0.005273003131151199,"y":0.8239500522613525,"z":-0.5666004419326782,"w":0.007656753063201904},"size":12.513778686523438,"orthographic":false}