{"cameraMode":{"drawMode":0,"name":"Shaded","section":"Shading Mode"},"sceneLighting":true,"audioPlay":false,"sceneViewState":{"m_AlwaysRefresh":false,"showFog":true,"showSkybox":true,"showFlares":true,"showImageEffects":true,"showParticleSystems":true,"showVisualEffectGraphs":true,"m_FxEnabled":true},"in2DMode":false,"pivot":{"x":104.23040771484375,"y":-3.012295722961426,"z":140.84396362304688},"rotation":{"x":-0.03506546840071678,"y":0.8988051414489746,"z":-0.43085771799087527,"w":-0.07326266914606095},"size":0.8660253882408142,"orthographic":false}