{"cameraMode":{"drawMode":0,"name":"Shaded","section":"Shading Mode"},"sceneLighting":true,"audioPlay":false,"sceneViewState":{"m_AlwaysRefresh":false,"showFog":true,"showSkybox":true,"showFlares":true,"showImageEffects":true,"showParticleSystems":true,"showVisualEffectGraphs":true,"m_FxEnabled":true},"in2DMode":false,"pivot":{"x":16.036264419555665,"y":-12.284219741821289,"z":81.66080474853516},"rotation":{"x":0.6526587009429932,"y":0.0014450765447691084,"z":-0.0014094974612817169,"w":0.7577853202819824},"size":34.552589416503909,"orthographic":false}