{"cameraMode":{"drawMode":0,"name":"Shaded","section":"Shading Mode"},"sceneLighting":false,"audioPlay":false,"sceneViewState":{"m_AlwaysRefresh":false,"showFog":true,"showSkybox":false,"showFlares":true,"showImageEffects":true,"showParticleSystems":true,"showVisualEffectGraphs":true,"m_FxEnabled":true},"in2DMode":false,"pivot":{"x":95.68757629394531,"y":-2.9560563564300539,"z":93.97413635253906},"rotation":{"x":0.009917587041854859,"y":0.6952821612358093,"z":-0.7186141610145569,"w":0.009590285830199719},"size":10.124537467956543,"orthographic":false}